id,symbol,contract,right,strike,expiry,qty,entry_time,entry_price,underlying_at_entry,entry_reason,exit_time,exit_price,exit_reason,cost,proceeds,fees,pnl,pnl_pct,signal_symbol,setup,stop_at_entry,stop_final,spread_at_entry,event_day,exit_basis,conviction,bb_pct,bb_squeeze,vs_dow_30m
c4bc1a41,QQQ,QQQ260924C00737000,C,737.0,2026-09-24,2,2026-09-24T14:51:01.238419+00:00,2.02,737.3699951171875,swing L1015,2026-09-24T14:55:01.103209+00:00,0.8515252685546876,backstop,404.00,170.31,2.72,-236.41,-0.5852,QQQ,L1015,736.3499755859375,736.3499755859375,0.01,,estimated,decent 1/4,,,0.059
bba2051e,SPY,SPY260924C00767000,C,767.0,2026-09-24,3,2026-09-24T16:40:01.745294+00:00,1.21,766.8499755859375,swing L1145,2026-09-24T16:56:01.764429+00:00,1.94,target,363.00,582.00,4.08,214.92,0.5921,SPY,L1145,765.7609755859374,765.7609755859374,0.02,,quote,decent 2/4,1.284,False,0.007
9a344f0c,QQQ,QQQ260924C00739000,C,739.0,2026-09-24,2,2026-09-24T16:40:02.458585+00:00,1.63,739.1799926757812,swing L1145,2026-09-24T17:01:01.382765+00:00,2.2476965332031247,runner_floor,326.00,449.54,2.72,120.82,0.3706,QQQ,L1145,737.7960304116303,737.7960304116303,0.01,,estimated,decent 2/4,1.349,False,0.117
283ae01c,QQQ,QQQ260924C00741000,C,741.0,2026-09-24,4,2026-09-24T17:01:01.536306+00:00,1.13,741.47998046875,swing L1210,2026-09-24T17:05:01.300349+00:00,1.9,target,452.00,760.00,5.44,302.56,0.6694,QQQ,L1210,740.2835098805147,740.2835098805147,0.0,,quote,decent 2/4,1.059,False,0.318
4c87a8d1,SPY,SPY260924C00768000,C,768.0,2026-09-24,4,2026-09-24T17:00:01.859972+00:00,1.07,767.7698974609375,swing L1210,2026-09-24T17:27:01.520633+00:00,0.512601318359375,backstop,428.00,205.04,5.44,-228.40,-0.5336,SPY,L1210,766.7344135899698,766.7344135899698,0.01,,estimated,decent 1/4,1.021,False,0.064
27f48768,SPY,SPY260925C00769000,C,769.0,2026-09-25,5,2026-09-25T15:56:01.734630+00:00,0.86,768.8599853515625,swing L1110,2026-09-25T16:14:01.544042+00:00,1.47,target,430.00,735.00,6.80,298.20,0.6935,SPY,L1110,768.3350219726562,768.3350219726562,0.01,,quote,decent 2/4,0.758,True,-0.075
578778a4,SPY,SPY260925C00771000,C,771.0,2026-09-25,15,2026-09-25T17:50:01.662207+00:00,0.7,771.260009765625,swing L1255,2026-09-25T18:28:01.430968+00:00,0.5139892578125,swing_stop,1050.00,770.98,20.40,-299.42,-0.2852,SPY,L1255,770.5968518708881,770.5999755859375,0.01,,estimated,great 3/4,0.646,True,0.035
ed50b07e,SPY,SPY260928P00767000,P,767.0,2026-09-28,5,2026-09-28T14:55:01.220861+00:00,1.45,767.1699829101562,swing H1020,2026-09-28T15:10:01.077532+00:00,2.2888690185546876,runner_dip,725.00,1144.43,6.80,412.63,0.5692,SPY,H1020,767.9199829101562,767.9199829101562,0.01,,estimated,great 3/4,,,-0.175
259fc989,QQQ,QQQ260928P00735000,P,735.0,2026-09-28,3,2026-09-28T15:00:01.473487+00:00,2.56,735.0700073242188,swing H1020,2026-09-28T15:26:01.168382+00:00,1.229432373046875,backstop,768.00,368.83,4.08,-403.25,-0.5251,QQQ,H1020,736.8560538358466,736.8560538358466,0.01,,estimated,decent 2/4,,,-0.157
18866e0a,SPY,SPY260928C00767000,C,767.0,2026-09-28,7,2026-09-28T18:10:01.956456+00:00,1.16,767.3800048828125,swing L1335,2026-09-28T18:24:01.659741+00:00,0.8053078613281355,swing_stop,812.00,563.72,9.52,-257.80,-0.3175,SPY,L1335,766.8499755859375,766.8499755859375,0.01,,estimated,decent 2/4,0.544,False,0.018
75dba15d,QQQ,QQQ260929P00737000,P,737.0,2026-09-29,5,2026-09-29T16:07:01.829110+00:00,1.53,736.7100219726562,swing H1115,2026-09-29T17:24:01.453509+00:00,1.4388041015624822,time_stop,765.00,719.40,6.80,-52.40,-0.0685,QQQ,H1115,738.1296096015222,737.3800048828125,0.01,,estimated,decent 2/4,0.18,False,-0.25
cd5f7722,SPY,SPY260930C00768000,C,768.0,2026-09-30,3,2026-09-30T15:11:01.318801+00:00,1.97,768.489990234375,swing L1035,2026-09-30T16:13:01.021801+00:00,1.36,time_stop,591.00,408.00,4.08,-187.08,-0.3165,SPY,L1035,767.25,767.75,0.01,,quote,decent 2/4,0.749,False,0.068
100f76b8,SPY,SPY260930C00769000,C,769.0,2026-09-30,9,2026-09-30T16:13:01.588579+00:00,0.83,768.5700073242188,swing L1110,2026-09-30T16:32:00.990950+00:00,0.539990234375,swing_stop,747.00,485.99,12.24,-273.25,-0.3658,SPY,L1110,767.75,767.8800048828125,0.01,,estimated,decent 2/4,0.926,False,0.169
617a9e61,QQQ,QQQ260930C00744000,C,744.0,2026-09-30,4,2026-09-30T15:50:01.676327+00:00,1.77,743.8599853515625,swing L1100,2026-09-30T16:37:01.012851+00:00,1.170493408203133,swing_stop,708.00,468.20,5.44,-245.24,-0.3464,QQQ,L1100,742.8900146484375,743.1900024414062,0.01,,estimated,decent 2/4,0.73,False,0.036
3ea28264,SPY,SPY261001P00761000,P,761.0,2026-10-01,3,2026-10-01T15:16:01.387852+00:00,2.04,760.5499877929688,swing H1040,2026-10-01T16:17:01.256925+00:00,1.37741943359375,time_stop,612.00,413.23,4.08,-202.85,-0.3315,SPY,H1040,762.1799926757812,761.3300170898438,0.01,,estimated,great 3/4,0.232,False,0.061
c4e0f909,QQQ,QQQ261001P00739000,P,739.0,2026-10-01,3,2026-10-01T15:16:01.814743+00:00,2.2,738.8599853515625,swing H1040,2026-10-01T16:18:01.618924+00:00,1.7032423095703473,time_stop,660.00,510.97,4.08,-153.11,-0.2320,QQQ,H1040,740.7547221936678,739.780029296875,0.01,,estimated,decent 2/4,0.272,False,0.156
c8450882,QQQ,QQQ261001C00740000,C,740.0,2026-10-01,2,2026-10-01T17:40:01.211737+00:00,2.77,740.3699951171875,swing L1255,2026-10-01T19:05:00.929275+00:00,3.099275976562485,eod,554.00,619.86,2.72,63.14,0.1140,QQQ,L1255,738.6327128872224,740.4400024414062,0.03,,estimated,decent 2/4,1.113,False,0.103
aaab9b7b,QQQ,QQQ261002P00750000,P,750.0,2026-10-02,1,2026-10-02T15:30:01.760458+00:00,1.93,750.0200805664062,swing H1040,2026-10-02T16:25:01.421518+00:00,0.96,backstop,193.00,96.00,2.06,-99.06,-0.5133,QQQ,H1040,751.674366280692,751.674366280692,0.01,NFP,quote,decent 2/4,0.005,False,-0.184
43710c9b,QQQ,QQQ261002P00750000,P,750.0,2026-10-02,2,2026-10-02T16:45:01.566949+00:00,1.51,749.719970703125,swing H1200,2026-10-02T19:05:01.549164+00:00,1.3068576904297333,eod,302.00,261.37,2.72,-43.35,-0.1435,QQQ,H1200,750.9099731445312,748.9998779296875,0.01,NFP,estimated,great 3/4,0.394,False,0.058
2f061852,QQQ,QQQ261005C00753000,C,753.0,2026-10-05,4,2026-10-05T15:10:01.060013+00:00,1.62,753.47998046875,swing L1030,2026-10-05T16:11:00.886828+00:00,1.1969824218749727,time_stop,648.00,478.79,5.44,-174.65,-0.2695,QQQ,L1030,752.6300048828125,753.0599975585938,0.01,,estimated,decent 2/4,0.768,False,0.146
62fe5d2a,SPY,SPY261005C00773000,C,773.0,2026-10-05,7,2026-10-05T15:45:01.078475+00:00,0.81,772.7999877929688,swing L1050,2026-10-05T16:54:00.886031+00:00,1.32,target,567.00,924.00,9.52,347.48,0.6128,SPY,L1050,772.0999755859375,772.2849731445312,0.01,,quote,decent 2/4,0.734,False,0.03
9c11475d,SPY,SPY261005C00774000,C,774.0,2026-10-05,6,2026-10-05T17:00:00.995665+00:00,0.99,773.97998046875,swing L1220,2026-10-05T19:05:00.930156+00:00,1.17,eod,594.00,702.00,8.16,99.84,0.1681,SPY,L1220,773.2436168323864,774.3599853515625,0.01,,quote,decent 2/4,1.042,False,-0.066
4807d173,QQQ,QQQ261006P00761000,P,761.0,2026-10-06,6,2026-10-06T17:25:01.597920+00:00,0.99,760.6300048828125,swing H1245,2026-10-06T18:04:01.513343+00:00,0.5388443603515418,swing_stop,594.00,323.31,8.16,-278.85,-0.4695,QQQ,H1245,761.3599853515625,761.3599853515625,0.02,,estimated,decent 2/4,0.131,False,0.019
5c72fc83,SPY,SPY261007P00774000,P,774.0,2026-10-07,5,2026-10-07T15:05:01.132057+00:00,1.19,773.8800048828125,swing H1020,2026-10-07T15:18:24.674912+00:00,0.6808429199218711,swing_stop,595.00,340.42,6.80,-261.38,-0.4393,SPY,H1020,774.9728620256697,774.9728620256697,0.01,,estimated,decent 2/4,0.277,False,0.058
63466d7b,QQQ,QQQ261007C00756000,C,756.0,2026-10-07,5,2026-10-07T17:10:01.923619+00:00,1.05,756.4199829101562,swing L1235,2026-10-07T17:24:01.393608+00:00,1.76,target,525.00,880.00,6.80,348.20,0.6632,QQQ,L1235,755.9320068359375,755.9320068359375,0.01,,quote,decent 2/4,0.634,False,-0.031
7ba72099,SPY,SPY261007C00777000,C,777.0,2026-10-07,8,2026-10-07T16:45:01.706548+00:00,0.72,776.77001953125,swing L1200,2026-10-07T19:05:01.278011+00:00,0.6218095703125334,eod,576.00,497.45,10.88,-89.43,-0.1553,SPY,L1200,776.05001953125,777.1300048828125,0.01,,estimated,decent 0/4,0.837,False,-0.11
88db2c82,QQQ,QQQ261008P00745000,P,745.0,2026-10-08,3,2026-10-08T17:45:01.994890+00:00,2.09,745.4600219726562,swing H1310,2026-10-08T17:54:01.560926+00:00,1.03,backstop,627.00,309.00,4.08,-322.08,-0.5137,QQQ,H1310,747.1100219726562,747.1100219726562,0.01,,quote,decent 1/4,0.039,False,-0.49
5e153891,SPY,SPY261008P00771000,P,771.0,2026-10-08,8,2026-10-08T17:50:01.718894+00:00,0.7,771.0800170898438,swing H1315,2026-10-08T18:04:01.416556+00:00,0.6142013671875293,swing_stop,560.00,491.36,10.88,-79.52,-0.1420,SPY,H1315,771.9800170898437,771.9800170898437,0.01,,estimated,decent 1/4,0.002,False,-0.198
